,과목코드,강의이름,교수이름,학기구분,이수구분,학점,사용자이름,총평,출석체크,난이도,학습량,학점,성취감,강의평
0,FNEG211,사회과학도를위한계량금융 수업:정경관116호 전산실,김상권,2019-2학기,전공선택,3,wlslwlslwls,4,5,3,3,4,4,"처음 3~4주간은 MATLAB 기초를 배우고 그 후로 파생상품 이론을 배우며 MATLAB으로 구현하는 수업입니다. 매주 수업이 끝나면 블랙보드에 그날 수업 때 MATLAB으로 한 것을 올려야 되고, 과제가 4~5번 있었던 것 같은데 2번은 단순 조사 과제고, 나머지는 수업시간에 배운 코드를 약간 변형하는 과제입니다. 적당히 올리면 다 만점 주시는 것 같습니다. 중간고사는 없고 기말고사만 보는데 문항 수가 꽤 많고, 옵션 가격 계산하는 문제가 굉장히 많이 나옵니다. 이론을 설명하는 문제도 몇문제 있었습니다. 저는 몇 문제 못 적었는데 A+ 나온 것을 보니 학점을 잘 주시는 것 같습니다."
1,FNEG211,사회과학도를위한계량금융 수업:정경관116호 전산실,김상권,2019-2학기,전공선택,3,학점도너프해보시지,1,5,4,3,3,1,"1) 출석체크
- 금요일 1교시 수업임에도 항상 출석체크를 하셨지만, 3번?까지는 결석해도 된다고 하셨던 것 같습니다. 따라서 성적에는 별로 영향은 없습니다.
2) 난이도
- 옵션 위주의 파생상품을 배우면서, 매트랩 사용도 익혀야 하는 강의입니다. 둘중 하나라도 알고 계신분이라면 잘 하실 수 있을 것 같습니다. 다만, 저처럼 둘다 모르는 상태라면 강의를 따라가기 조금 버겁습니다.
3) 학습량
- 매주 강의내용 필기를 과제로 제출하게 하시고, 별도로 내시는 과제도 있습니다. 하지만, 제출만하면 점수를 주시기 때문에 영향은 크게 없습니다. 중간고사는 없었고, 기말만 있었습니다. 교수님께서 기말고사 전주에 어떤거 내실지 말씀해주시는데, 말씀하신 유형으로는 거의 안나왔습니다. 훼이크에 당하시지 마시고, 공식이나 열심히 외워가시기 바랍니다. 기말만 보면 되기 때문에 기말 기간에만 조금 힘듭니다.
4) 학점
- 훼이크에 당한 저는 기말을 매우 망쳤습니다. 다른 교수님의 같은 강의 클루평을 보면 조져도 에이는 나온다고 하는데, 그말에 속지 마세요. 이 교수님은 그렇지 않습니다.
5) 성취감
- 내용만 어렵고, 겉핥기식이라 배운 것이 없습니다.
6) **총평**
- 수감소감 평가에는 좋은 말만 써드렸지만, 이 교수님은 사실 굉장히 강의력이 나쁩니다. 강의의 짜임새가 엉망인 것은 두말할 필요도 없고, 뭘 설명하는지도 모르겠습니다. 전형적인 '본인만 똑똑한 초임교수' 스타일이십니다. 위에 언급한 것처럼 내용이 쉬운 편은 아닙니다. 물론 교수님께서는 모든 것을 알고 계시겠지만, 학생들이 어디쯤 이해하고 있는지 어떻게 이해시킬지는 생각을 안하시고 오시는 것 같습니다.
그리고 아침 수업에 교수님 본인께서 자꾸 지각을 하시는데, 그건 늦게 오는 학생들에 대한 배려가 아니라 정시에 온 학생들에 대한 기만이자, 교수로서의 태도가 부족하신 것임을 자각하셨으면 합니다."
2,FNEG211,사회과학도를위한계량금융 수업:정경관116호 전산실,김상권,2019-2학기,전공선택,3,139,5,5,4,3,5,5,"중간고사 전 기간(이 수업은 중간고사가 없었습니다)에는 matlab의 기본적인 사용법을 배우고 그 이후로 블랙숄즈나 이항트리를 통한 옵션 평가를 matlab을 통해서 하는 방법을 배웁니다. 수업시간이 끝나면 그 후 2시간정도 안에 수업시간에 쓴 코드를 제출하는 과제가 있었는데 교수님과 함께 코드를 짜는거라 수업시간에 열심히 따라가면 무리 없는 과제입니다. 이외에도 과제가 몇번 나가는데 다 수업시간에 짠 코드를 이용해서 간단한 작업을 하는 거라서 부담은 없습니다.
수업은 코딩이 중심이 되어 진행된 반면 시험의 경우 옵션 계산문제가 대부분을 차지했습니다. 나머지는 수업시간에 다룬 기본적인 개념을 묻는 문제와 코딩 빈칸채우기가 출제되었습니다.
교수님께서 강의명에 걸맞게 사회과학도 눈높이에서 가르치시려고 신경을 많이 쓰셔서 문과여도 편하게 들을 수 있었고 성적도 후하게 주셔서 좋은 수업이었습니다."
3,FNEG310,파생금융상품론,김상권,2019-2학기,전공선택,3,노예,3,5,3,3,3,3,"교수님이 학교에서 강의하시는 첫 학기라 여러가지 고민을 많이 하신 것 같습니다.

학기 중에 성적 평가 요소가 변하는 불확실성이 상당히 큰 과목입니다. 성적산정공식을 기말(퀴즈3)고사 전 주에 공지받았습니다. 그 전까지는 교수님도 확실히 정하신 게 없어서, 좋은 성적을 위해서는 그냥 매 퀴즈에 최선을 다해야 합니다.

이번 학기에는 중간고사와 기말고사가 없고, 대신 퀴즈 3개를 성적에 반영했습니다. 따라서 그냥 시험이 3개라고 생각하시면 됩니다. 좋은 점은 중간고사가 있는 주에 부담이 덜하다는 것이고(3번 퀴즈는 기말고사 주에 보았습니다.), 나쁜 점은 공부를 지속적으로 해야하는 점입니다.

문제출제방식도 퀴즈마다 달랐는데요, 1번 퀴즈는 교수님께서 직접 출제, 2번 퀴즈는 학생들이 자작한 문제들을 받아 출제, 3번 취즈는 75분동안 절대 다 못푸는 많은 문제들을 얼마나 많이 풀 수 있는 지를 보는 타임어택 형식이었습니다. 3번 퀴즈가 정말 괴악한게, 강의 내용을 복습 또 복습해도 못 푸는 난이도의 문제가 상당히 많았고, 풀 수는 있어도 시간이 오래 걸려 그냥 포기하는 것이 더 나은 문제들도 있었습니다.

다음학기에는 어떻게 개선될 지 모르겠지만, 이번 학기에는 상당히 불확실성이 강하고 공부도 쉽지는 않았던 것 같습니다."
4,FNEG310,파생금융상품론,김상권,2019-2학기,전공선택,3,REVENGE,5,5,3,3,4,5,"출석체크는 항상 하신다.

주식 공부가 처음이라 걱정을 좀 했는데 질문도 잘 받아주시고 하나하나 자세히 알려주셔서 좋았다.

실전에서 오셨던 분이라 배운 내용이 굉장히 실제에 도움이 돼서 좋다.

학생들 의견을 많이 반영해주신다. 공부양도 많지 않고 실용적인 것을 배워서 좋았다.

학점은 한만큼 주신다. 책은 굳이 사지 않아도 되지만 연습문제 풀이 때문에 사는 것을 추천한다."
5,FNEG310,파생금융상품론,김상권,2019-2학기,전공선택,3,아델리스,2,4,2,2,1,1,"선물 옵션을 듣고 수강해서 딱히 배운거는 없습니다.
교수님이 출첵 매일하지만 지각도 자주해서 9:5분쯤 되야 출석하는 경우가 잦습니다.
아이패드로 수업하는데 준비가 안된 경우도 많아 칠판에 하는 경우도 많습니다.
처음엔 과제 있다고 했다가 기말 직전에 과제가 없어지고 시험이 한번 늘고 좀 그렇습니다.
1차 2차 시험은 개쉽고 3차시험은 어려운 편입니다. 아마 첫 수업이라 난이도 조절을 잘 못하는 것 같습니다.
19명 수업이라 성적을 잘 줄려는 것 같았는데 실제 분포는 확인하지 못했습니다.
전체적으로 할게 없는 편한 수업입니다 금공 융합전공 학점채우기에는 편하니까 들으시는걸 추천합니다.
1년에 한번씩 교수님이 바뀌는 것 같아 다음학기에도 이 교수님이 하실지는 의문입니다."
6,FNEG310,파생금융상품론,김상권,2019-2학기,전공선택,3,포이보스,3,5,4,4,3,3,"음 일단 수업은 그렇게 잘하시진 않아요
핵심적인 내용이 뭔지 잘 모르겠어요
컴퓨터로 필기하면서 설명하시는데
딱 정리된 필기를 하시는게 아니라
그냥 말하면서 쓰는 느낌..?
그래서 수업 안듣고 필기만 보면
무슨 내용인지 하나도 이해가 안돼요..

출석체크는 매일 하십니다

시험은 3번 보셨는데
어떤 시험은 엄청 어렵고 어떤 시험은 엄청 쉽고..
일관성이 없었어요
강의를 많이 해보시지 않은 것 같아서 여러가지 시험해보시는 것 같았어요
다음에는 어떨지 모르겠네요

학점은 + 안붙여주심.. B받았어요...속상"
7,FNEG310,파생금융상품론 (강사변동: 황인준선생님/인원제한:17명),황인준,2019-1학기,전공선택,3,꾸꾸까까,5,1,4,4,4,5,"이번 학기 수강과목 중에서 가장 만족스러웠던 강의입니다!
무출석, 과제4번, 퀴즈2번, 중간/기말고사로 평가되는 깔끔한 과목입니다. 평가기준은 명확하며 교수님의 피드백이 빠르고 확실해서 정말 편했습니다. 수강생들 배려 정말 많이해주셔서 학기 내내 좋았습니다.
강의진행은 미리 업로드 해주신 강의안으로 진행되며, 초반 5-10분동안 지난 시간 수업리뷰를 해주십니다. 강의안 자체가 정말 깔끔하고 일목요연하게 잘 정리되어 있어서 오픈북 시험이었던 중간/기말고사 때 큰 어려움이 없었습니다. 매 수업시간이 종료되면 교수님필기본이 업로드 되기 때문에 수업시간에 필기 부담이 많이 없습니다.
과제는 정답여부로 채점되는 것이 아니고 얼마나 성의있게, 고민하면서 풀이를 작성했는지에 따라 점수가 나옵니다. 그래서 과제를 하는 것에 대한 부담이 적어서 정말 좋았습니다.
퀴즈는 closed book으로 이루어지지만, 과제 기반 + 수업시간 강조 내용을 출제하시기에 부담이 적습니다. 중간/기말고사도 출제유형이나 어떤 주제를 출제하셨는지를 큰 틀에서 알려주십니다. 오피스아워때 찾아가서 질문하면 정말 친절하게 잘 받아주십니다. 정말 한 학기내내 잘 들었습니다. 교수님 정말 좋아요!! 추천합니다!!"
8,FNEG310,파생금융상품론 (강사변동: 황인준선생님/인원제한:17명),황인준,2019-1학기,전공선택,3,바뱌바뱌,5,1,4,3,5,4,"교수님이 정말 좋으시다.
출석은 거의 하지 않고 내용이 어렵지만 교수님이 찝어주신 부분만 잘 보면 된다."
9,FNEG310,파생금융상품론 (강사변동: 황인준선생님/인원제한:17명),황인준,2019-1학기,전공선택,3,빛나는별,5,1,3,3,5,5,강의에 열성적으로 임하시고 학생들을 배려해 주시는 강사님이셨어요 다시 다른 강의 맡아주신다 하면 무조건 들을 의향 있습니다 여러모로 여러분이 찾는 그런 강의입니다
10,FNEG310,파생금융상품론 (강사변동: 황인준선생님/인원제한:17명),황인준,2019-1학기,전공선택,3,tangtang,5,1,3,3,5,5,"이번 학기 최고의 수업이었습니다
잘 모르는 파생상품에 대해서도 많이 배웠으며
눈높이에 잘 맞춰주시고 분량도 적당하고 넘 좋았어요"
11,FNEG310,파생금융상품론 (강사변동: 황인준선생님/인원제한:17명),황인준,2019-1학기,전공선택,3,slrspdladlfo,5,1,3,3,4,5,"출석은 따로 안 불렀던거 같고, 퀴즈 2번+과제 4번+중간+기말로 평가함. 과제는 배운 내용 토대로 문제 푸는건데 어렵더라도 정답 여부가 채점 기준은 아니기 때문에 열심히 하면 괜찮. 퀴즈는 과제 문제에서 나옴. 단, 시험은 오픈북이지만 퀴즈는 오픈북 아님. 시험은 수업 내용, 과제, 퀴즈 바탕으로 나오지만 응용해서 나오기 때문에 조금 어려움. 그렇지만 공부해야 되는 양이 많지 않고, 과제 문제 반복해서 풀면서 준비할 수 있기 때문에 괜찮. 절대평가고, 채점을 후하게 해주시고, 학점도 정말 잘 주시려고 함. 교수님이 정말 좋으심. 기초적인거 여쭤봐도, 몇 번이고 반복해서 여쭤봐도 처음부터 하나하나 친철하게 계속 설명해주심."
12,FNEG310,파생금융상품론 (강사변동: 황인준선생님/인원제한:17명),황인준,2019-1학기,전공선택,3,서굴,5,1,4,3,4,5,"교수님 강의평 보고 왔다가 수업 교체되셔서 조금 당황스러웠지만, 정말 좋으셨습니다.

출석은 거의 안 부르셨고, 굉장히 깔끔하게 정리된 PPT에서 내용 설명 해주셨고
PPT에 전자필기 하신 내용들도 그대로 올려주셨습니다. 수업은 단계별로 차근차근 나가셨고 뭐 다 좋았습니다.

미적분학에 기초가 많이 부족했지만 수업을 듣는데 크게 어려움이 있지는 않았습니다. 교수님도 그 부분은 평가에서도 많이 제하려고 노력하시고 그거 없이도 수업 들을 수 있게 많이 배려해주셨어요.

제가 좀 더 성실했더라면 더 많이 배울 수 있었겠지만 제가 엥간치 게을러서 1교시는 불가항력이었지만
수업이 알차서 제 의지로 최대한 많이 들으려고 노력했습니다. 제가 진짜 잘 안 이러는 사람인데.."
13,FNEG310,파생금융상품론 (강사변동: 황인준선생님/인원제한:17명),황인준,2019-1학기,전공선택,3,갈비만듀,5,1,4,4,5,3,"황인준 강사님 너무 친절하시고 최대한 학생들 배려하시려고 하는 게 보였어요. 갑자기 김도완 강사님에서 바끤 거였는데 학생들이 김도완 강사님 생각하고 수강신청 한 거 아신다고 학점도 예전 강사님과 비슷하게 주신다고 하셨는데 정말 김도완 강사님만큼 잘 주세요! 피피티로 강의를 했는데 설명도 깔끔하게 잘 해주셔서 선물옵션을 처음 배우는 건데도 이해하는데 크게 힘들지 않았습니다.
과제는 총 4-5번 정도 있었고 퀴즈를 두 번 보는데 과제와 거의 비슷하게 나오는 거라 그냥 과제 정답 올라온 거 열심히 보면 만점 받기 쉽고요, 과제도 정확도를 보는 게 아니라 완성도를 본 거라 만점 받기 쉽습니다. 중간기말은 난이도가 과제에 비해선 있었는데 부분 점수를 많이 주시는 편이라 80퍼만 넘겨도 과제와 퀴즈를 잘 보셨다면 웬만하면 A 주시는 거 같습니다. 출첵은 아예 안 해요"
14,FNEG211,사회과학도를위한계량금융(영강) (강사변동: 남건우선생님/인원제한:19명/강의실:정경관117호(전산실)),남건우,2019-1학기,전공선택,3,열공하세,5,5,4,4,4,5,소규모로 진행되는 실습강의입니다. 처음엔 교수님이 어려운 내용을 빨리 나가셔서 어려웠지만 학생들 의견을 반영해서 점점 배려해 주셔서 점차 수월했습니다. 이 강의 전에 선물옵션을 수강하는걸 추천드립니다. 학생수도 적어서 교수님이 친절하게 모르는 것들을 알려주시고 혼자서 복습할수 있도록 수업내용도 업로드 해주십니다. 엑셀을 이용하는 색다른 수업인만큼 성취감도 높습니다. 학점은 잘 주십니다.
15,FNEG211,사회과학도를위한계량금융(영강) (강사변동: 남건우선생님/인원제한:19명/강의실:정경관117호(전산실)),남건우,2019-1학기,전공선택,3,dkadll,4,5,5,4,4,4,매 수업시간마다 출석 철저하게 부르십니다. 과제가 6번정도 있는데 그게 중요한거 같습니다. 학점은 무난하게 주십니다.
16,FNEG211,사회과학도를위한계량금융(영강) (강사변동: 남건우선생님/인원제한:19명/강의실:정경관117호(전산실)),남건우,2019-1학기,전공선택,3,박하몽,5,5,5,4,5,3,강사님이 친절하세요. vba에 대해 전혀 몰랐는데 설명을 차근차근하게 해주시는 스타일은 아니시지만 학생들에게 관심을 갖고 이해시키려고 노력하십니다.
17,FNEG211,사회과학도를위한계량금융(영강) (강사변동: 남건우선생님/인원제한:19명/강의실:정경관117호(전산실)),남건우,2019-1학기,전공선택,3,닉네임을뭐로하지,4,5,4,4,4,4,"VBA로 옵션 모형 결정 등에 관해서 수업하셨습니다.
처음 VBA를 배우는 경우에는 조금 어렵게 느껴지실 것 같습니다. 그래도 학점은 괜찮게 주시는 편인 것 같습니다."
18,FNEG211,사회과학도를위한계량금융(영강) (강사변동: 남건우선생님/인원제한:19명/강의실:정경관117호(전산실)),남건우,2019-1학기,전공선택,3,서굴,5,5,2,3,5,3,"VBA를 이용한 옵션 프라이싱을 배웁니다. 이 과목을 수강하는 금융공학 전공생이라면 듣는 파생금융상품론과목에서 배우는 교재 내용을 엑셀에서 실습하고 실제로 계산한다고 보시면 됩니다.

수업 초반에는 프로그래밍에 익숙하지 않은 학생들을 위해기초 수업을 진행하시지만, 본인이 다른 언어를 조금이라도 교양으로 배워본 다음에 듣는 것을 추천합니다. 이 과정은 프로그래밍을 배우는 과목이 아니라 프로그래밍해서 옵션의 가격이라던가 브라우니 모형 구현하고 이런것들을 코드로 하게 되니까요.

수업 내용은 대체로 어렵지도 않고, 항상 자료도 잘 주셔서 따라가는데 어렵지 않았고 과제도 수업 내용을 잘 고민하고 응용하면 됩니다.

중간/기말고사 시험도 테이크홈 시험으로 쳤습니다.

출석은 매일 하셨구요, 과제도 검토하시고 피드백도 주십니다."
19,FNEG211,사회과학도를위한계량금융(영강) (강사변동: 남건우선생님/인원제한:19명/강의실:정경관117호(전산실)),남건우,2019-1학기,전공선택,3,겨울은너무추웡,5,5,5,5,5,5,"파생상품을 엑셀 vba를 통해 프라이싱 하는 수업.

나는 vba도 파생상품도 베이스가 전혀 없었다

하지만 교수님께서 정말 친절하게 가르쳐주시고

메일로 강의에 대한 질문도 대답을 굉장히 잘 해주신다.

또한 과제에 대한 피드백도 잘 주시고 시험 역시 굉장히 친절하게 가르쳐주신다.

다음학기부터는 강의를 여실지 안 여실지 모르겠지만

만약 열린다면 정말 강추"
20,FNEG211,사회과학도를위한계량금융 금융공학융합전공만 수강가능,김도완,2018-2학기,전공선택,3,alkdfjlakdjf,5,5,3,3,4,4,매 수업시간마다 과제가 있지만 수업시간 내에 해결 가능한 정도라서 부담이 없습니다. 또 강의를 해주시는 시간은 정말 짧고 과제를 다하면 먼저 가도 돼서 10분만에 집에 간적도 있어요. 학점도 해야할 것만 성실히 다하면 에이는 보장이에요 뚫기만 한다면 정말 꿀강입니다.
21,FNEG211,사회과학도를위한계량금융 금융공학융합전공만 수강가능,김도완,2018-2학기,전공선택,3,봄이온다,5,5,3,2,5,3,"프로그래밍을 가볍게라도 해보았다면 매우 쉽게 접근할 수 있는 과목이자 교수님께서도 학점을 잘 주신다.
실습위주의 수업이라 이론적인 수업을 기대하고 있다면 같은 교수님이 여시는 다른 강의를 찾아가는 것이 좋다."
22,FNEG211,사회과학도를위한계량금융 금융공학융합전공만 수강가능,김도완,2018-2학기,전공선택,3,역전의승부사,4,5,4,3,4,3,"장점

1. 무조건 A0 이상
주어진 과제와 출석체크만 잘 하시면 기본 A0를 주십니다. 다만 A+받는 것은 다소 힘들 수 있습니다.

2. 과제가 따로 없습니다
수업하는 그날 내용이 곧 과제라서 따로 해야되는 과제는 없습니다.

3. 중간고사가 없습니다
중간고사가 집에 가져가서 숙제형식으로 해오는 것이라 중간고사 부담이 적습니다.

4. 교수님이 1:1 마크 해주십니다
강의 자체가 규모가 작아서 모르는 부분이나 힘든 점은 교수님이 1:1로 도와주십니다. 그래서 따라가기 버거워도 어찌어찌 과제를 끝낼 수는 있습니다

단점

1. 강의 속도가 매우 빠르다(엑셀과 친하지 않다면 힘들다)
엑셀 VBA수업이며 평소에 엑셀을 진짜진짜 못다루시거나 불편하신분들은 강의가 정말 힘들 수 있습니다. 초반부터 강의 진도 속도가 매우 빠르며 고인물도 많아서 강의 진행 속도를 못따라 가실 수 있습니다

2. 기말고사가 너무 어렵다
학생들마다 개인차가 큽니다. 기말고사가 너무 어려워서 손도 못댔네요. 잘하는 학생은 날아다니지만 그렇지 않은 학생들은 고생을 할 수 있습니다.

3. 출섹체크가 빡세다
매일매일 하십니다. 3번부터 빠지면 감점인걸로 알고 있습니다. 참고하세요.

어찌어찌 잘 따라가서 과제는 다 제출했네요. 되게 빠른 템포의 강의였던 것 같고 나름 보람찬 강의였습니다. 금융공학생이라면 꼭 들어야할 꿀강이네요."
23,FNEG211,사회과학도를위한계량금융 금융공학융합전공만 수강가능,김도완,2018-2학기,전공선택,3,포이보스,5,5,3,2,5,4,꿀과목. 학점 잘 주심. 코딩이라는 것을 한번도 해본 적 없는 입장에서 배우는 것도 많음. 그런데 기말 시험 난이도는 매우 어려웠음. 개인적으로. 두문제 중 하나도 제대로 못 써서 제출했지만 A 받음. 출석은 항상 부르심. 매일 실습하고 과제 제출하는 형식인데 어려우면 손들고 질문하면 교수님이 설명도 해주심.
24,FNEG211,사회과학도를위한계량금융 금융공학융합전공만 수강가능,김도완,2018-2학기,전공선택,3,lalalalalazz,5,5,2,1,5,4,"꼭 들으세요 두번 들으세요 세번 들으세여ㅋㅋㅋㅋㅋㅋ
수강신청할때 무조건 주저말고 꼭꼭 도전하세요
뚫기는 굉장히 어렵지만.....한 번 뚫으면 한 학기가 편해집니다ㅋㅋㅋㅋ
중간까지는 vba 코딩하는 기본적인 방법 배우고 중간이후부터는 선물옵션에서 옵션프라이싱 vba로 코딩짜는법 배웁니다.
매 수업마다 항상 과제가 하나씩 주어지는데 수업시간 안에 그거 끝내면 걍 집 가시면 되요ㅋㅋ과제만 다 올리면 A는 기본으로 주십니다.
중간은 시험문제주고 집에서 해오면 되는데 답 다 알려주셔서 중간시험 없다고 생각하시면 됩니당
기말에는 vba코딩 두문제 정도 나오는데 굉장히 어려워서.....일단 다 풀기만 하면 에이쁠은 보장입니다. 그러나 과연.....가능할지는..."
25,FNEG211,사회과학도를위한계량금융 금융공학융합전공만 수강가능,김도완,2018-2학기,전공선택,3,jo6161,5,5,4,3,4,4,"김도완 교수님 금융공학 수업 2가지를 들었는데 성취도 높은 강의였습니다.
초반에 개인 사정으로 결석을 해서 따라가기 어려웠지만 '이걸 어떻게 하나'라고 걱정했던 것과는 달리 학기가 끝날 즈음엔 VBA에 익숙해져 있는 저를 발견했습니다.
교수님 강의는 거의 없고 실습으로 이루어져있습니다.
출첵은 칼같이 하시고, 실습 과제도 전부 내셔야 해요.
중간고사는 take home이었지만 나중에 답안을 전부 알려주셨어요.
혼자 중간고사를 풀어보았지만 정말 눈물나게 어려운 문제였습니다.
기말고사는 중간고사 변형 1문제, 중간 이후 1문제였는데 중간 이후의 문제가 개인적으로 훨씬 쉬웠어요.
중간 이후에는 옵션과 블랙숄즈, 내재변동성 등 파생과 관련된 내용이었습니다.
조금 어려웠지만 그래도 성취도 높고 학점 잘주시는 얻은 것 있는 강의였습니다."
26,FNEG211,사회과학도를위한계량금융 금융공학융합전공만 수강가능,김도완,2018-2학기,전공선택,3,늴리리야리,4,5,4,3,4,4,"출석체크는 매일 하고
매일 과제도 있는데 큰 부담은 없습니다

원래 절평이라 학점을 되게 잘주는 강의인데
이제부터는 상평으로 전환되니까 이부분 잘 고려하세요"
27,FNEG211,사회과학도를위한계량금융 금융공학융합전공만 수강가능,김도완,2018-2학기,전공선택,3,zoroaster,1,5,5,2,5,5,"엑셀 매크로를 배우는 강의입니다.
난이도는 꽤 어려우나 교수님께 질문을 드리면 친절하게 알려주십니다.
교수님께서 나름? 유쾌하시고 학점 엄청 잘주십니다.
중간시험은 답을 다 알려주셔서 거의 없는 느낌이고
기말시험으로 에이와 에쁠이 갈린다고 보면 됩니다."
28,FNEG211,사회과학도를위한계량금융 금융공학융합전공만 수강가능,김도완,2018-2학기,전공선택,3,태자,5,5,4,4,5,5,"김도완 교수님 답게 9시 칼 출석에 매번 출석하심.
하지만 학점은 매우 잘 주심.

파생상품을 VBA 실습으로 직접 코딩한다는 점에서 있어서 매우 좋았다"
29,FNEG211,사회과학도를위한계량금융 금융공학융합전공만 수강가능,김도완,2018-2학기,전공선택,3,갈비만듀,4,5,3,2,4,3,김도완 교수님은 성적 잘 주시기로 유명하니까 성적에 대해선 말씀 안 드려도 아시리라 생각합니다. 일단 수업 내용 자체는 좀 어렵지만 수업시간에 내주시는 실습만 잘한다면 성적 잘 받으실 수 있을 겁니다. 심지어 중간고사나 기말고사는 거의 못 풀어도 출석체크만 잘한다면 최소 비쁠은 받을 수 있을 것이니 깐깐한 출석체크만 잘 넘기신다면 수업내용이 잘 이해가 안 가더라도 너무 걱정하지 않으셔도 될 겁니다. 교수님께서도 친절하시기 때문에 나는 좀 더 배우고 싶다!! 하시는 분들은 주저하지 마시고 교수님께 질문하세요!
30,FNEG211,사회과학도를위한계량금융 금융공학융합전공만 수강가능,김도완,2018-2학기,전공선택,3,dexon,5,5,4,3,5,4,"실습 위주로 수업이 진행됩니다. 중간고사 때까지는 엑셀 vba 기초 문법, 중간고사 이후로는 옵션가격결정 공식들을 vba로 만들어보는 내용으로 진행됩니다. 강의시간은 30분을 넘지않고 남은 시간은 각자 그날 배운 내용을 기반으로 한 과제를 만들어서 제출하고 가면 됩니다. 중간고사는 답을 알려주셔서 사실상 변별력은 없었던 것 같습니다. 기말고사는 중간이전범위에서 한 문제, 중간 이후 범위에서 한 문제가 나옵니다. 다음학기부터 상대평가를 하신다고 하셔서 성적을 주시는게 조금 달라질 수 있을거 같습니다. 코딩을 배워보셨다면 꿀입니다."
31,FNEG211,사회과학도를위한계량금융 금융공학융합전공만 수강가능,김도완,2018-2학기,전공선택,3,돌의아이,3,1,1,1,1,1,"실습중심으로 돌아갑니다

강의는 짧고 숙제는 많습니다"
32,FNEG211,사회과학도를위한계량금융 금융공학융합전공만 수강가능,김도완,2018-2학기,전공선택,3,먹우리,5,5,4,3,5,5,"엑셀 VBA를 가지고 중간고사 전까지는 VBA 코딩의 기초 중간고사 이후에는 풋/콜옵션의 가격결정이론들을 가지고 코딩을 하는 수업입니다.

이번학기까지는 절평이어서 모두 A , 6~7명에게 A+ 주신다고 하셨지만
겨울계절에는 상평으로 열린다고 하시는 거 보니 다음 학기부터는 어떻게 될 지 모르겠습니다.

중간고사는 테이크 홈 시험인데 못 풀겠다고 메일 보내시면 제출 기한 연장해주시고 수업시간에 코드 공개해주셔서
사실상 기말고사 한 방인 수업입니다.

저는 선물옵션 기초는 알고 있어서 기말고사 때 중간고사 이전 부분 1문제는 버리고
중간고사 이후 부분에서 배운 것을 응용한 1문제만 맞추려고 중간고사 이후 부분만 달달 암기하다 싶이 하여
시험 때도 중간고사 이후 부분 1문제만 다 풀이하였고 그랬더니 A+ 받았네요 (6~7명 주신다고 하셨습니다.)

혹여나 코딩이 처음이더라도 차근차근 알려주시고 잘 따라가기만 하면 되니까 처음 코딩 배워도 A+ 욕심 낼만한 수업인 것 같습니다."
33,FNEG310,파생금융상품론 금융공학융합전공만 수강가능,김도완,2018-2학기,전공선택,3,하핫학점왕이양,3,5,2,2,4,2,"마찬가지로 옛날에 들었는데, 이 학기 강의평가로 남깁니다.
몸과 마음이 편하지만 필기로 인해 팔은 불편한 강의였습니다.
꿀입니당"
34,FNEG310,파생금융상품론 금융공학융합전공만 수강가능,김도완,2018-2학기,전공선택,3,참크크,4,4,3,4,4,5,"강의력이 꽤 좋으십니다. 하지만 파생상품에 대한 이해가 많이 부족한 사람이 처음 듣기에는 많이 당황 할 수도 있습니다.

공부 해야 하는 량은 꽤 많지만 학점은 잘 챙겨주십니다"
35,FNEG310,파생금융상품론 금융공학융합전공만 수강가능,김도완,2018-2학기,전공선택,3,Asmr,5,5,4,3,5,5,"김도완 겨수님 너무 좋아요..!
유익한 내용과 좋은 학점 얻으실 수 있습니다"
36,FNEG310,파생금융상품론 금융공학융합전공만 수강가능,김도완,2018-2학기,전공선택,3,duathsia,5,5,3,2,4,3,수업시간에만 열심히 하면 전혀 부담 안 되는 강의입니다. 다만 수강신청을 성공하셔야..ㅎ;
37,FNEG310,파생금융상품론 금융공학융합전공만 수강가능,김도완,2018-2학기,전공선택,3,BBBCCB,4,5,3,3,4,3,"수강신청 뚫으시면 들으면 됩니다.

출석 항상하는 부담이 있으나 출석만 잘하고 알려주는것만 잘 풀어도 A부터 시작합니다.

수업적으로는 무난한 수업이었던것 같습니다 다만 같이 적으면서 따라가기에는

판서속도가 빠른감이 있었습니다."
38,FNEG310,파생금융상품론 금융공학융합전공만 수강가능,김도완,2018-2학기,전공선택,3,yoonj310,5,5,3,3,5,3,"역시 김도완교수님
시험문제 중간때는 다 알려주시는데
이번에는 기말에 문제를 많이 안알려주셨어요.. 아무래도 변별력 때문인듯 하네요
판서위주인데 필기를 자주 올려주셔서 부담없어요.
과제는 기말 이후 모의투자 보고서 한개끝입니다."
39,FNEG310,파생금융상품론 금융공학융합전공만 수강가능,김도완,2018-2학기,전공선택,3,sjw2403,4,5,3,3,5,3,"인원수를 적게 하시기 때문에 요구하시는 것만 다 하면 A를 기본적으로 주시고
추가적으로 공부를 더 하시면 A+을 주십니다."
40,FNEG310,파생금융상품론 금융공학융합전공만 수강가능,김도완,2018-2학기,전공선택,3,justme,1,5,3,3,4,5,"출첵 매우 엄격 지각도 결석이랑 같게 보셔요

시험은 중간모두 알려주시고 기말은 이십퍼정도 알려주시나 풀만함

보고서 작성해야하는대 주식 선물옵션 투자하는 법 몰라서 힘들었어요

개꿀 꼭 들어요"
41,FNEG310,파생금융상품론 금융공학융합전공만 수강가능,김도완,2018-2학기,전공선택,3,우기명,5,5,5,4,5,4,"갓도완 센세
정말 얻어가는 것도 많고 학점도 잘 주십니다!"
42,FNEG310,파생금융상품론 금융공학융합전공만 수강가능,김도완,2018-2학기,전공선택,3,먹우리,5,5,4,3,5,3,"수업시간 진도가 정말 빠릅니다.

다만 중간고사 때는 모든 문제를 알려주시고 그 문제가 전부 교수님 강의자료 및 교재 예제/연습문제에 있기 때문에
교재 답안만 구글링하신다면 큰 무리 없습니다.

기말고사의 경우에도 2문제 알려주시고 안 알려주신 부분에서 5문제 정도 나왔는데 그 중 2문제는 강의자료에서 풀어준
예제/연습문제에서 숫자도 안 바꿔 내셨고 나머지 3문제가 변별력 가르는 문제였습니다.
저의 경우에는 1문제는 완벽하게 풀이하였고 2문제의 경우 맞게 풀이하였다고 생각했으나 교수님께 물어보니 올바른 접근법은 아니었으나 부분점수를 주신다고 하여서 뭐라도 논리적인 것처럼 되도록 썼습니다.

그랬더니 A+ 나왔네요

A+ 노리시는 분들은 강의자료 및 교재 예제/연습문제 이해하신 후 확실히 풀이하시면 충분히 가져갈 수 있으실 거라고 생각합니다."
43,FNEG310,파생금융상품론 금융공학융합전공만 수강가능,김도완,2018-2학기,전공선택,3,Qltnsdl,4,5,4,3,4,4,저는 1교시에 강의실이 정경관5층이어서 출석체크가 제일 힘들었네요ㅠㅠ 지각=결석이지만 3번까지는 괜찮아요! 9시 땡하자마자 출첵하시고 다시 부를때까지 없으면 결석입니다 근데 19명밖에 없어서 훅 지나가요.. 9시에 결석처리 되고 충격받아서 그 다음부턴 부지런히 다녔습니다ㅠㅠ 수업은 판서로? 진행하시는데 다 복사해서 주세요! 저도 노트필기 열심히 했지만 결국 프린트만 봤네요 그래도 필기하면서 공식이 익숙해지는 데에 의미가 있는것 같습니다. 중간은 예상문제 알려주시고 기말은 두세문제 알려주시는데 나머지 문제들도 수업시간에 한 예제들 풀 수 있으면 에이쁠 나올 수 있을 것 같아요 저도 기말 전날 급하게 시작했는데 하루 종일 빡세게 하면 되긴 되더라구요 이해를 기반으로 공식 외우는게 제일 좋은것 같습니다!
44,FNEG310,파생금융상품론 금융공학융합전공만 수강가능,김도완,2018-2학기,전공선택,3,블류,3,5,3,3,4,3,"출석이 빡세지만 3회 이하 결석과 시키는 것만 다 해서 내면 A는 보장되는 수업입니다 A+가 꼭 필요하신 분이라면 수강하는 것을 재고하시길 바랍니다

참고로 출석은 9시 정시에 부르고 그때 없으면 무조건 결석처리입니다 지각은 없으니 수업에 늦을것 같다면 아예 안가고 집에서 쉬는 것도 좋습니다 어차피 강의노트가 그날그날 제공되고 수업은 그닥 도움되지 않으니 교재를 읽으면서 독학하시길 추천합니다"
45,FNEG310,파생금융상품론 (인원제한:19명),김도완,2018-1학기,전공선택,3,메시의헛발,3,5,3,3,4,2,"A 학점을 받기 위한 수업.

딱히 얻는 것보다는 학점을 그냥저냥 받기에는 좋은 과목입니다.

출석이 가장 중요하고, A+를 받으려면 추가 공부가 필요합니다.

그냥 A를 원하시는 분들은 절대 평가이기에, 출석만 잘하고 과제만 하라는 대로 잘 내면 무난한 A 받을 수 있습니다."
46,FNEG310,파생금융상품론 (인원제한:19명),김도완,2018-1학기,전공선택,3,zon203,5,5,2,3,4,3,"강의 내용은 어려우나, 교수님이 성적을 잘 주십니다. 알려주신것만 잘 해내면 A는 받기 쉬워요"
47,FNEG310,파생금융상품론 (인원제한:19명),김도완,2018-1학기,전공선택,3,zhen,5,5,4,3,4,5,"매우 유익한 강의 였습니다.
성적도 잘주십니다."
48,FNEG310,파생금융상품론 (인원제한:19명),김도완,2018-1학기,전공선택,3,낑깡,5,5,3,3,5,3,"교수님이 매우 친절하시고 학점도 잘주십니다.
과제는 없고 중간에 모의투자를 해서 간단하게 보고서를 제출해야 하는게 있습니다."
49,FNEG310,파생금융상품론 (인원제한:19명),김도완,2018-1학기,전공선택,3,jo6161,4,5,2,2,5,2,"수강신청만 하면 정말 꿀인 강의입니다.
출석체크는 매일하시고 결석 3번까지 봐주세요.
필기위주로 강의진행하시는데 중간고사는 문제 다 알려주셨고 기말고사는 알려주시지 않았지만 크게 어려움없었습니다.
A 폭격기이십니다"
50,FNEG310,파생금융상품론 (인원제한:19명),김도완,2018-1학기,전공선택,3,하핫학점왕이양,4,5,3,2,4,2,"교수님께서 워낙 편하고 착하셔서
압박감 없이 수업 들을 수 있었습니다.
하지만 학문에 대한 강한 열정이 있으시다면,
안 듣는 것을 추천드립니다"
51,FNEG310,파생금융상품론 (인원제한:19명),김도완,2018-1학기,전공선택,3,Hodo,4,5,4,4,4,1,"학점 잘 주기로 소문난 강의입니다.
학생제한이 19명이다보니 모두 A이상을 받으실 수 있고, 기말에서 가르쳐주시지 않은 문제들을 잘 푸시면 A+을 받으실 수 있습니다. A만 받겠다 하시는분은 효율적으로 그냥 가르쳐주신 문제만 숙지하시고 중간 기말 푸시면 A나옵니다. 하지만 내용자체는 어렵고 양도 많습니다. A만 받겠다하시면 쉽게 공부하실 수 있지만, A+까지 노리신다면 가르쳐주시지 않은 문제들은 어려운 편이기에 열심히 하셔야하실 겁니다."
52,FNEG310,파생금융상품론 (인원제한:19명),김도완,2018-1학기,전공선택,3,고라파파,5,5,5,2,4,2,"출석체크 매일 하십니다. 3번까지는 괜찮아요.

내용 자체는 어려운데 중간고사는 알려주시고, 기말고사는 2문제 알려주십니다.

출석체크하고, 알려주시는 문제 다 풀고, 모의투자 과제만 하면 A 이상은 나옵니다."
53,FNEG310,파생금융상품론 (인원제한:19명),김도완,2018-1학기,전공선택,3,kudd,5,5,3,3,5,5,"출석체크는 매일 정각에 하시고 2번 부를 때까지 없으면 결석처리입니다.

수업 난이도는 증명과정도 있고 도출 과정을 설명하시는 부분에서 어렵고 나머지는 평이합니다.

중간고사는 모든 문제를 공개하시기때문에 사실상 공부량이 거의 없습니다. 기말 고사의 경우 3분의 1 정도 문제

를 공개합니다. 나머지 문제들은 기본 문제와 값 도출과 그 의미 분석 등 단순하지만은 않은 문제가 나옵니다.

선물옵션을 들으셨던 분이라면 부담없이 푸실 수 있을 것이고 듣지 않으셨던 분도 수업시간에 제대로 잘 들었으

면 충분히 풀 수 있을 정도입니다.

학점은 명성대로 굉장히 잘 주십니다."
54,FNEG310,파생금융상품론 (인원제한:19명),김도완,2018-1학기,전공선택,3,ddbp,5,5,1,3,4,3,좋으신 분 수업. 다 알다 싶이 무조건 a는 챙겨주신다. 하지만 +받기위해서는 공부를 많이 해야한다.
55,FNEG310,파생금융상품론 (인원제한:19명),김도완,2018-1학기,전공선택,3,chusy,5,5,2,1,5,4,말이필요없습니다. 그냥 들으세요. 수업시간에는 생각보다 많은 필기량과 엄청난 수학적 접근에 당황스러우실 수 있으나 걱정할 필요 하나없습니다. 출석만 신경쓰시면 됩니다.
56,FNEG310,파생금융상품론 (인원제한:19명),김도완,2018-1학기,전공선택,3,광수,5,5,4,3,5,4,"일단 신청하시고 고민하세요.

A는 보장됩니다.

중간은 문제 다 가르쳐 주시고

기말은 일부만 알려주시는데 안 알려준 부분이

아예 필기에 없는 부분에서 낸 문제도 있습니다.

못 풀어도 아는 거 최대한 쓰세요."
57,FNEG310,파생금융상품론 (인원제한:19명),김도완,2018-1학기,전공선택,3,납작만두,4,5,2,2,5,3,"학점따기 쉬운 꿀강중의 꿀강. 수업 내용자체는 조금 까다로울 수 있지만 교수님이 반복해서 알려주신다. 다만 뒤로갈수록 수리적인 내용이 많이나와 내용도 점점 어려워지고 설명 대신 필기만 난무한다. 따라서 뒷부분의 경우 따로 교과서를 읽은 후 중요공식을 암기하는 것을 추천한다. 중간고사 문제는 모두 알려주고 기말고사는 6문제중 2문제를 알려준다.
따라서 지각만 안하고 알려준 문제만 적고나와도 A는 먹고 들어간다. A+을 달고 싶으면 추가로 4문제를
풀어야 된다. 4문제 중에 1문제는 기초적인 문제였고 2문제는 필기를 꼼꼼히 봐야 풀 수 있던 문제였고
나머지 1문제는 시간내에 풀기 벅찬 문제였던것 같다. 팁을 드리자면 문제풀다 막히는 부분은 과감히 건너뛰고 아는 내용을 최대한 적으면 (앞부분을 못풀어서 구체적인 수치를 못구하더라도) 부분점수가 상당히 나오지 않을까 생각한다."
58,FNEG310,파생금융상품론 (인원제한:19명),김도완,2018-1학기,전공선택,3,tnsgh,5,3,5,5,5,5,수업과목 자체가 어려운 내용이지만 꼭 필요한 개념과 주제 위주로 강의하셔서 충분히 이해할 수 있습니다. 또한 중간때는 모든 시험문제를 알려주시고 기말때는 일부분만 시험문제를 알려주신다. 학점에 관해서는 누구나 만족할 수 있는 학점을 주시기 때문에 파생상품관련해서 관심있는 분들은 무조건 듣길 추천한다.
59,FNEG211,사회과학도를위한계량금융 (인원제한:19명/강의실:정경관117호(전산실)),김도완,2018-1학기,전공선택,3,깝깝새,5,5,2,1,5,5,"매 수업마다 과제를 내어주십니다.

특정 과제 외에는 전부 금방 끝마칠 수 있고 교수님께서 도움을 계속 주시기에 아주 쉽습니다."
60,FNEG211,사회과학도를위한계량금융 (인원제한:19명/강의실:정경관117호(전산실)),김도완,2018-1학기,전공선택,3,개코,5,5,4,2,5,4,"VBA 수업.

이미 잘 알려져있다싶이 A폭격기

과제만 다 내면 A이상에 출첵만한다면 언제든 나갈 수 있다."
61,FNEG211,사회과학도를위한계량금융 (인원제한:19명/강의실:정경관117호(전산실)),김도완,2018-1학기,전공선택,3,딸기쥬스,5,5,4,3,5,5,"1. 출석
출석은 항상 부르십니다. 정시에 부르시고 없으면 바로 결석으로 처리하시는데, 결석은 3회까지 허용되니 시간 맞춰서 수업 항상 들어가시는게 좋을 것 같아요.

2. 수업
저에게는 굉장히 생소했던, 엑셀 vba를 다루는 수업이었습니다. 처음에는 체감난이도가 굉장히 높았는데, 교수님이 정~말 생기초부터 차근차근 가르쳐주시기 때문에 착실하게 따라가다 보면 어렵지 않습니다. 보통 10분 정도 설명을 해 주시고, 나머지 시간은 실습으로 진행되는데, 교수님께서 한 명 한 명 챙겨주시면서 어려운 부분은 개인별로 가르쳐 주시기 때문에 좋았어요. 그래서 학생을 적게 받는 이유도 있으신 것 같습니다. 첫 날 수업에서는 거의 6시까지 남아서 가르쳐 주실 만큼 열정적인 교수님이십니다!! 최고최고
그리고 중간고사 이후로는 그 이전에 배운 vba 내용을 이용해서 블랙숄즈 공식, 이항모형, 삼항모형, 몬테카를로 모형 등을 코딩합니다. 저는 선물옵션 강의를 듣지는 않아서 처음에는 당황스러웠지만 사실 이해보다는 그대로 적용하여 코딩하면 되는 부분이라 큰 지장이 있지는 않았습니다. 그래도 선물옵션 강의를 선수강하셨던 분이면 조금 더 수월할 것 같습니다. 교수님께서도 청강이라도 하기를 권장하시는 편입니다.

3. 시험
중간고사는 테이크홈시험인데, 이번 학기의 경우에는 수업 시간에 답을 알려주셨고, 각자 익힐 것을 권장하셨기 때문에 사실상 기말고사만 있었다고 해도 무방합니다. 기말고사는 개인적으로 난이도가 굉장히 어려웠던 것 같아요. 수업 시간에 다루는 내용만으로는 제대로 답을 쓰기가 힘들었습니다.

4. 과제
매 수업시간마다 과제가 나오는데, 수업시간에 과제를 하고, 시간 내에 다 끝내지 못한 부분은 집에서 하면 됩니다. 모든 과제 제출기한이 기말고사기간까지이기는 한데, 이왕이면 제때제때 해 두는 것이 좋습니다. 과제마다 연결이 되기 때문에 이전 과제를 끝내지 못하면 이번 과제에 접근하기 어려운 측면이 있습니다.

5. 학점
학점은 짱!!! 교수님께서 처음 수업을 시작하실 때부터 과제만 다 제출하면 에이제로를 보장하겠다고 말씀하셨고, 기말고사를 조금 더 잘 본 5~6명 정도에게 에이쁠을 주겠다고 말씀하셨습니다. 코딩을 매우 잘하지 않는 이상 에이쁠을 받기는 어렵지만, 에이제로는 보장되는 강의입니다.

6. 총평
교수님 최고ㅠㅠㅠ 대학교에 들어와서 본 가장 열정적이고, 학생들을 많이 배려하고 생각해주시는 교수님이었던 것 같습니다. 저는 선물옵션도 듣지 않았고, 코딩을 배워본 적도 없었기 때문에 어찌 보면 무모하게 신청한 편이라 처음에는 많이 힘들었는데, 교수님께 질문도 많이 하고 공부도 하면서 재미를 찾은 케이스입니다. 다음에도 교수님 수업을 들을 기회가 있다면 망설임 없이 신청할 것 같습니다. 수강신청이 힘들다는 점이 있지만 절대 후회하지 않을 강의인 것 같아요:)"
62,FNEG211,사회과학도를위한계량금융 (인원제한:19명/강의실:정경관117호(전산실)),김도완,2018-1학기,전공선택,3,하핫학점왕이양,3,4,3,4,5,3,"저번학기에 들었지만, 작성하자면
매우매우매우 꿀꿀 수업입니다.
얻는 것도 많은 수업이고,
금융공학에도 이런 실용수업들이 늘어났으면 합니다."
63,FNEG211,사회과학도를위한계량금융 (인원제한:19명/강의실:정경관117호(전산실)),김도완,2018-1학기,전공선택,3,수우가앙,5,5,5,3,5,4,"매우 좋았어요. 엑셀가지고 여러가지, 나중엔 옵션가격 프라이싱하는거 등등을 코드로 짜는데 생소했지만 흥미로웠습니다. 선물옵션이나 파생상품관련 수업을 들었으면 좀 더 이해하기 쉬워요. 뒤로 갈수록 어려워지긴 했지만 논리가 중요한 수업인 것 같습니다. 그리고 김도완 교수님 성적 진짜 잘주세요. 과제 다하고 시험 출석하면 무조건 에이 깔고가요. 거기서 좀 더 잘 하면 에이쁠 주십니다. 추천."
64,FNEG211,사회과학도를위한계량금융 (인원제한:19명/강의실:정경관117호(전산실)),김도완,2018-1학기,전공선택,3,졸업안할래,5,5,5,3,5,1,"김도완 교수님 강의를 이제까지 세개를 들었는데 그중 가장 배우는것이 “있는” 강의였습니다
교수님 굉장히 친절하시고 사려깊으시고 귀여우새요
뚫기 어려워서 그렇지 뚫기만 하면 정말 개꿀이에요"
65,FNEG211,사회과학도를위한계량금융 (인원제한:19명/강의실:정경관117호(전산실)),김도완,2018-1학기,전공선택,3,아몬드브리즈,5,5,4,1,4,4,"과제만 꼬박꼬박 내면 A 받는 꿀강의,,
근데 수업 내용이 어려워서 엄청난 꿀은 아니라는 생각이 들었어요
잘하시는 분들에게는 쉽겠지만 저는 교수님 도움 없이는 조금 어려웠어요
그래도 교수님이 한 명 한 명 친절하게 알려주시고
중간고사 답도 그냥 알려주셔서 교수님 덕분에 과제 제출할 수 있었던 것 같아요"
66,FNEG211,사회과학도를위한계량금융 (인원제한:19명/강의실:정경관117호(전산실)),김도완,2018-1학기,전공선택,3,evnf,1,5,5,3,5,4,"처음엔 괜찮다가 중간고사 지나고 나서 안드로메다로 내용이 흘러간다.
너무 어렵고 이해도 안되다가
맘잡고 공부 열심히하니까 그래도 조금 이해가 되더라
중간고사는 다들 완전 못푸는 내용이고
기말고사는 그래도 그동안 배운 옵션프라이싱 방법 달달 외워가면 좋아요"
67,FNEG211,사회과학도를위한계량금융 (인원제한:19명/강의실:정경관117호(전산실)),김도완,2018-1학기,전공선택,3,ggaasun,5,5,5,3,5,4,"교수님은 정말 최고시다ㅠㅠㅠㅠㅠㅠ 정말 소문대로 강의를 뚫기만 한다면 A 보장!!
물론 출석과 과제를 완벽하게 제출한다는 전제가 필요하다.

정말 매 수업 한명한명 직접 봐주시고
정말 한 학기 내내 제일 못한 것 같은데 끝까지 잘 챙겨주시고
너무너무 감사했다.


학점이 필요한 사람들,
그리고 천사 교수님을 만나고 싶은 사람들

추천한다!!!!

내용은 어렵다........상당히......"
68,FNEG211,사회과학도를위한계량금융 (인원제한:19명/강의실:정경관117호(전산실)),김도완,2018-1학기,전공선택,3,Taez,5,5,4,4,5,5,"성실히 수업만 따라가면 A가 보장되는 수업입니다.
저는 굉장히 만족스러웠던게, 좋은 학점만을 위해서 듣는 수업이 아니라 좋은 학점까지 주는 수업이어서 진짜 좋았습니다. VBA를 처음 배워보면서 재밌었고, 얻어가는 것도 많았다고 생각합니다.
다만 A+을 받으려면 기말고사 공부를 좀 많이 해야하는 것 같아요.
솔직히 코딩을 하는게 기말고사라서 공부가 큰 의미 없을거같아서 시험공부를 따로 하지는 않았는데, 이전 코드를 거의 암기하다시피 하지 않으면 시간 안에 코딩하는게 거의 불가능한 문제들이더라구요. 그래서 에이쁠을 못받은게 좀 아쉽기는 하지만,
A 이상을 보장해주면서 이정도 성취감이 있는 수업은 별로 없는 것 같아요.
굉장히 만족스러웠습니다."
69,FNEG211,사회과학도를위한계량금융 (인원제한:19명/강의실:정경관117호(전산실)),김도완,2018-1학기,전공선택,3,kuuuuu,5,5,4,3,4,4,"출석: 매번 정시에 부르심. 지각=결석, (아마도) 결석 3번 봐주심
수업형식: 매시간 수업 내용=과제, (형식상) 중간고사, 기말고사

교수님께서 절대평가를 위해 인원을 일부러 제한을 두는 만큼 과제만 제출하면 무조건 에이를 받을 수 있습니다. 매시간 내주시는 과제는 수업 내용을 기반으로 하는 것인데 모르는 부분은 다 알려주시기 때문에 수업을 빠지지 않고 나가서 모르는 부분을 물어보면서 해결하면 못하는 과제는 없습니다. 중간고사는 풀어보라고 문제를 주시지만 시험을 치루는 것은 아니고, 나중에 교수님께서 코드를 다 알려주십니다. 중간고사 기간 이후로 부터 조금씩 어려워져서 제때제때 질문하고 과제를 밀리지 않는 것이 중요합니다. 기말고사 부분은 컴과, 수학과 등.. 잘하시는 분들은 푸시는 것 같던데 아무튼 저는 애초에 못 풀거 같아서 조금 쓰다가 나왔습니다. 아무튼 결론은 김도완 교수님 최고 짱 입니다!"
70,FNEG211,사회과학도를위한계량금융 (인원제한:19명/강의실:정경관117호(전산실)),김도완,2018-1학기,전공선택,3,블류,5,5,3,1,5,4,"엑셀 vba를 이용하여 코딩하는 수업입니다. 학기 초반에만 수업이 이루어지고 그 이후부터는 한시간 내내 실습(과제)을 합니다. 매수업 실습을 하면서 과제가 나가지만 하다가 막히면 교수님께 물어보면 해결해주시고 코딩을 1줄도 못짜더라도 교수님께 물어보면 다 알려주십니다.

출석은 딱 정시에 하시고 이때 없으면 바로 결석으로 처리됩니다. 하지만 이전 수업이 끝나고 멀리서 오는 학생들을 배려해서 3시 30분이 아닌 35분에 출석을 부르실정도로 교수님이 친절하십니다.

중간고사는 원래 take-home exam으로 문제를 알려주고 집에서 해오는 것이였고 모르면 중간고사 기간에 나오면 도움을 주신다고 했는데 교수님 사정으로 중간고사 기간은 쭉 쉬었고 중간고사 이후 수업시간에 답을 다 알려주셨습니다.

기말고사는 강의실에서 시간내에 주어진 코딩을 하는 것이였는데 한문제는 중간고사 문제에서 변형된 문제였고 한문제는 수업시간에 다룬 실습(과제)의 변형이였습니다.

출석과 주어진 과제, 중간고사를 다 제출하기만 하면 A가 보장되며 기말고사를 좀 잘하면 A+를 주십니다. A는 받기 쉬운데 A+은 받기 어렵다는 얘기가 있었는데 이번에는 조금만 노력하면 기말고사도 잘 쳐서 A+을 받을 수 있었던 시험이였던 것 같으니 A+을 노려보시는 것도 괜찮은 것 같습니다.

수강신청을 성공하셔서 무조건 들으시는걸 추천합니다!"
71,FNEG211,사회과학도를위한계량금융 (인원제한:19명/강의실:정경관117호(전산실)),김도완,2018-1학기,전공선택,3,꾸꾸까까,5,5,4,3,4,5,"수강신청하기 정말 빡센 과목이라 강의 사고파는 글도 참 많이 올라오는 과목입니다. 저는 운좋게 줍줍해서 뚫었는데 첫주 수업을 못 듣는 바람에 초반에 따라가기 정말 힘들었습니다. 그렇지만 교수님께서 질문도 잘 받아주시고 친절하시기에 강의 중반부부터는 어느 정도 감을 잡을 수 있었습니다. 중간고사는 대체과제, 기말고사는 시험형식입니다. 매번 수업 시간마다 과제가 나가기 때문에 최대한 수업 시간내에 질문 하셔서 마무리하시는 걸 추천드려요."
72,FNEG211,사회과학도를위한계량금융 (인원제한:15명)<정경관117호>,김도완,2017-겨울학기,전공선택,3,바삭바삭,4,5,3,2,4,3,"VBA 매크로 입문 강의라고 할 수 있습니다. 계절수업이라 그런지 매일매일 난이도가 급상승 하는 경험을 했고 결정적으로 시험이 굉장히 어려웠습니다만
그 모든걸 상쇄하는 장점으로 출석하고 과제만 안빠지고 하면 A는 나옵니다(에이쁠은 시험 잘봐야함)"
73,FNEG211,사회과학도를위한계량금융 (인원제한:15명)<정경관117호>,김도완,2017-겨울학기,전공선택,3,xr,4,5,3,3,4,4,"교수님께서 칼같이 9시마다 출석체크를 하십니다. 결석은 3번까지 괜찮습니다.
과제가 매번 나오지만 할만하고, 중간대체과제는 조금 어렵습니다. 기말고사는 다른 과제들에 비해 어려운데, 과제를 다 냈다는 가정 하에 중간대체과제와 기말고사만 잘 본다면 에이쁠을 받으실 수 있습니다. 그런데 과제만 다 내면 에이는 받으니까 성적은 별 걱정 안해도 되는 수업입니다."
74,FNEG211,사회과학도를위한계량금융 (인원제한:15명)<정경관117호>,김도완,2017-겨울학기,전공선택,3,아기호랑이,5,5,4,4,4,5,"1. 수업
엑셀 vba를 코딩하는 과목으로 중간고사 전까지는 데이터 처리 및 vba의 기본 코드를 배우고 중간고사 후에는 파생상품에서 배우는 블랙숄즈머튼 모형, 이항모형, 삼항모형, 몬테카를로 시뮬레이션 등을 직접 모델링 하는 것을 배웁니다. 처음에 vba 기본 코드를 배울 때는 쉽지만 활용에 들어가면서부터 난이도가 꽤 있어서 머리를 싸매고 코드를 짜야합니다. 하지만, 교수님이 일대일로 설명해 주시기 때문에 열심히 하겠다는 의지가 있다면 크게 걱정하지 않아도 됩니다. 수업은 간단한 설명 후에 실습으로 진행되는데 주어진 분량을 다 하면 집에 가도 되기에 자유로운 분위기입니다.

2. 과제
매일 실습용 과제가 있는데, 따로 집에가서 할 필요는 없고 수업시간에 다 끝내고 가면 됩니다. 그래서 과제에 대한 부담은 전혀 없고 어려우면 교수님께서 도와주십니다. 하지만, 수업을 빠진다면 과제가 밀려서 상당히 힘들 것입니다.

3. 시험
중간고사와 기말고사가 있는데, 먼저 중간고사는 테이크 홈 형태입니다. 데이터 처리를 주제로 세 문제를 주시는데, 평소에 배우던 것에 비해 난이도가 상당합니다. 하지만, 못 풀어도 중간고사 시험날에 나오면 교수님이 다 알려주시기 때문에 혼자서 못 풀겠다면 시험날 꼭꼭 학교에 나오세요. 기말고사는 컴퓨터실에서 주어진 시간 안에 풀어야되는데, 2문제 나옵니다. 한 문제는 중간고사에서 응용한 형태이고 다른 한 문제는 중간고사 이후에 배운 파생 모형들을 모델링하는 문제입니다. 배운 것을 다 응용해야하며 시간도 부족하기 때문에 아마 한 문제 푸는 것도 힘들 것입니다. 하지만, 나만 못 푼게 아니라 다들 어려워하기 때문에 최대한 아는 만큼 쓰시면 좋은 학점 받으실 수 있을 것입니다.

4. 출석
출석은 3번 정도까지는 빠져도 되지만, 더 빠지만 학점이 내려갑니다. 정시에 출석체크하시며 교수님이 2번 부를 때까지 안 오면 무조건 결석입니다. 지각도 결석으로 체크되기에 늦지 마세요~

5. 학점
수강신청만 성공한다면 무조건 A가 보장되는 과목답게 정말 잘 주십니다. 하지만, 출석 조건을 만족해야 하고 모든 과제와 중간고사를 제출해야 A가 나오기 때문에 성실함은 필요합니다. 이 과목이 A는 받기 쉬우나 A+을 받기는 정말 어렵다고 유명한데, 기말고사에서 배운 내용에 대한 많은 응용을 요구하기 보다는 배운 내용을 모두 적용하여 주어진 시간 내에 빠르게 코딩하는 것을 요하기 때문에 복습 열심히 하신다면 A+도 노리실 수 있을 겁니다."
75,FNEG211,사회과학도를위한계량금융 (인원제한:15명)<정경관117호>,김도완,2017-겨울학기,전공선택,3,hoii,5,5,4,3,5,4,"엑셀 vba 코딩하는 수업인데 코딩에 익숙치 않으신 분들은 힘드실 거예요
제가 그랬거든요...
교수님이 한 사람 한 사람 봐주셔서 과제 내는 데엔 큰 지장 없었습니다
그래도 강의 중후반부 되니 감을 잡으실 수 있으실 거예요.
성적은 진짜 잘줍니다 핵꿀강..린정하는 부분이고요
그래도 나름 vba를 다뤄봤다는 것에 의의가 있네욤"
76,FNEG211,사회과학도를위한계량금융 (인원제한:15명)<정경관117호>,김도완,2017-겨울학기,전공선택,3,원남쓰30살인디,4,5,4,4,4,4,"출석이 깨끗하고 과제를 제출하기만 하면 A가 보장되지만 A+ 받기는 힘든 강의입니다.
엑셀코딩 VBA를 배우는 수업인데, 각종 금융관련 실무 데이터를 직접 코딩합니다.
솔직히 처음에는 아무래도 코딩이 낯설어 스트레스도 좀 받고 시간도 많이 할애했는데 점점 요령을 터득하니깐 개인적으로 굉장히 재밌다고 느꼈습니다.
매 수업마다 코드짜는 과제를 내주시는데 밀리면 한도 끝도 없으니 제때 하시는 것을 추천해드립니다.
교수님께서는 열의가 있으셔서 모르는 부분을 몇번이고 여쭈어 보아도 친절하게 설명해 주시니 코드를 짜다 막히면 주저없이 여쭤보시면 됩니다. (그렇지만 다른 학생분들도 다 그래서 질문 하려면 많이 기다려야 해요 ㅠㅠ)

수업 시간 초반에 약 십분간 간략한 개념을 알려주시고 그 후의 시간은 혼자 과제의 코드를 작성합니다.
초반 개념설명 시간 이후에는 강의실을 나가도 상관 없습니다.
대신 출석은 매번 부르시며 딱 정시에 하십니다.
이게 하다보니깐 욕심이 생겨서 에쁠을 받아야지 하는 포부를 가지고 기말을 봤는데 데이터가 몇천개라 한번 돌리는데 컴퓨터 먹통되고 시간도 없고 그래서 조금 총체적 난국이에요..
솔직히 기말을 잘보려면 VBA를 아주 능숙하게 다루어 코드가 머릿속에 바로 파바박 떠올라야 할 정도가 되어야 할 것 같습니다.
그치만 금공에서 학점 잘 받기가 힘든만큼 A가 보장되는 것 만으로도 큰 의의가 있는 수업 같습니다."
77,FNEG211,사회과학도를위한계량금융 (인원제한:19명)<정경관117호>,김도완,2017-2학기,전공선택,3,니냐니뇨뉴윤유,4,5,4,3,5,4,"출석체크는 매일하고 출석 체크할 때 없으면 지각 없이 무조건 결석 처리 되는데 나중에는 결석으로 감점하지는 않는다고 하셨어요
매일 실습한 내용을 업로드 해야 하는 게 과젠데 기한이 기말고사까지라 부담은 없지만 밀리면 힘듭니다.
중간고사는 3문제 나오는데 집에서 해서 업로드 하면 되고, 중간고사에 관한 질문을 중간고사 기간 주에 받아 주십니다.
모르는 게 많으면 가시는 것을 추천합니다."
78,FNEG211,사회과학도를위한계량금융 (인원제한:19명)<정경관117호>,김도완,2017-2학기,전공선택,3,Asmr,5,5,5,3,4,4,"저는 굉장히 잘 배웠습니다
수업 내용이 어렵긴 했지만 그걸 감안하여 질문하면 다 받아주시고 성취감도 높았습니다
모든 학생에게 에이 이상의 학점을 주십니다"
79,FNEG211,사회과학도를위한계량금융 (인원제한:19명)<정경관117호>,김도완,2017-2학기,전공선택,3,최디,5,5,3,1,5,4,"교수님 소문대로 A 폭격기세요ㅎㅎ 친절하시고 하나하나 알려주려 노력해 주셔서 정말 감사했습니다. 한 학기 중에 제일 부담 없이 들었던 수업이고, 그만큼 듣는 동안 재미있게 들었던 것 같아요.

출석체크는 9시 정각에 매 번 하시지만 3번까지 결석+지각 할 수 있어요(지각=결석 처리)
난이도는 중간 이전까지는 매우 쉬웠지만 중간 이후 기말부터는 기초적인 코딩을 사용함에도 구문을 짜는 것이 저는 조금 어려웠습니다. 그래도 손 들어 질문하면 다 받아주시고 학생들 이름 다 외우셔서 한 명 한 명 과제를 제출 했는지, 왜 안했느지 물어보시며 걱정해주셨습니당..... 답도 잘 알려주시곤 했구요!

학점은 A 받았습니다. 진짜 A 그냥 주시네요.. 기말고사 거의 못 풀었고 중간고사도 제대로 못 했는데ㅠㅠ 과제만 다 제출하면 주시는 것 같아요 왠지 죄송하지만 감사했습니다....ㅠㅠ

결론은 이 강의 뚫으시면 됩니당.. 1교시 힘들었지만 보람차네요ㅠㅠㅠ"
80,FNEG211,사회과학도를위한계량금융 (인원제한:19명)<정경관117호>,김도완,2017-2학기,전공선택,3,누룽이,5,5,4,2,4,4,"도완교수님 소규모 수업에서는 평점 맞추는 것에 대한 부담이 적어서 그런지 더 적극적으로 A0폭격기이십니다. 특히나 이번 수업은 분위기가 좋아서였는지 더 잘해주신다는 느낌을 받았어요. 개인적으로 저도 이전 교수님 수업 때보다 수업이 좋았습니다. 내용은 엑셀 vba 간단한 코딩부터 시작해서 나중에는 콜옵션 풋옵션 가격생성 모형까지 배우는데, 마지막까지도 사용하는 코딩구문은 정말 기초적이라 코딩에 대한 두려움은 별로 안가져도 됩니다. 다만 수업이 진행될수록 알고리즘이 복잡해져 논리적 구문 짜는 걸 잘하시는 분이 유리하실 거에요. 중간고사 이전까지 엄청 쉬운 예제들만 했었는데 중간고사 문제보고 어떤 식으로 코딩진행이 되는지 감도 안왔던 기억이 있네요ㅎㅎ
학점은 기본적으로 과제만 다 내면 A0이구요 이 중에서 기말고사를 좀더 잘본 학생들에게 A+를 주십니다. 중간고사는 take-home exam이었는데 학생들이 어렵다고 하니까 결국 수업 시간에 다 풀이해주셨어요. 기간도 종강전까지만 내면 되는 거였습니다.
결국 여기까지 떠먹여주는 것만 하면 기말은 아무리 망해도 A0 받아가실 수 있습니다. 기말은 중간고사 문제 유형을 응용한 문제 하나, 파생상품 가격생성 문제 하나 나오니까 중간 이전 쉬운 에제들은 전혀 안보셔도 되구요 교수님 말씀으로는 2문제 다 푼 학생은 1명도 없다고 하셨어요."
81,FNEG211,사회과학도를위한계량금융 (인원제한:19명)<정경관117호>,김도완,2017-2학기,전공선택,3,카츄21,5,5,4,4,5,5,"이번학기에 남은게 많은 수업 중 하나입니다.
엑셀VBA에 대해서 처음 접했는데 워낙 친절하게 잘 가르쳐 주셔서 잘 배울수 있었습니다.
과제는 매시간 코딩할때 주어지며 수업시간 안에 할 수 있을 정도로 내주십니다. 시험은 중간 기말로 나뉩니다.
중간은 과제 형식으로 내주시는데 홈 이그젬 형식이라 문제 내준신걸 코드로 짜오시면 됩니다.
기말의 경우 중간에서 나왔던 문제와 그 즈음에 했던 코딩에서 문제를 추려서 내시는데
거의 기말고사로 에이에 쁠을 다느냐 아니냐로 나눌수 있습니다.
그래도 과제만 일단 완수하면 에이를 주시므로 학점이 필요하시고 엑셀VBA를 배우고 싶으신 분이라면 강추합니다."
82,FNEG310,파생금융상품론 (인원제한:19명),김도완,2017-2학기,전공선택,3,아기호랑이,5,5,4,3,5,3,"1. 수업
판서를 통해서 진행되며 교수님께서 타블랫으로 필기하시는 내용을 열심히 적으면 됩니다. 사실 한 단원이 끝나면 필기 내용을 인쇄소에 맡기시기 때문에 필기를 하지 않아도 수업 듣는 것에 지장은 없습니다. 선물옵션과 내용이 비슷하며 금융공학에서 알아야되는 내용들을 많이 커버하십니다. 필기를 꼼꼼하게 해 주셔서 노트만 있어도 시험 준비는 충분합니다. 다루는 내용 많이 때문에 학점을 위해서가 아니라 지식을 목적으로 공부한다면 공부할 양이 상당히 많고, 학점을 위해서 공부한다면 공부량은 거의 없습니다.

2. 시험
중간고사, 기말고사가 있는데, 중간고사는 문제를 전부 알려주시고 기말고사는 2문제 정도 알려주시고 3문제는 스스로 풀어야하는데 여기서 학점이 갈립니다. 시험 문제 자체는 개념만 알아도 될 정도의 난이도로 어렵게 꼬아서 내시지는 않습니다.

3. 과제
모의투자 과제가 있는데, 제출에 의의를 두는 과제로 실제로 모의투자를 하고 느낀점과 사용한 전략 등에 대한 A4 3쪽 이내의 보고서를 쓰면 됩니다.

4. 출석
매 수업마다 출석체크를 하시며 지각은 결석과 동일합니다. 3번 결석까지는 학점에 지장은 없습니다.

5. 학점
19명 제한으로 절대평가이기 때문에 중간고사, 기말고사에서 교수님이 알려주신 문제만 다 풀고 출석에서 점수를 까이지 않고, 과제를 제출한다면 무조건 A 보장입니다. A+은 기말고사에서 사전에 공지하지 않은 문제로 갈리는데, 다른 학생들의 점수랑 상대적으로 주시기 때문에 주요 개념 정도만 숙지하고 수업 시간에 배운 내용을 최대한 열심히 쓰신다면 A+도 쉽게 노릴 수 있을 듯 합니다."
83,FNEG310,파생금융상품론 (인원제한:19명),김도완,2017-2학기,전공선택,3,니나쿠펜다,4,5,1,1,5,1,"워낙에 A나 A쁠 폭격기로 유명하신 분이시니... 더이상 이부분은 언급하지 않겠습니다.
배우는 내용은 어려워 보이지만, 실제로 시험에 내시는 부분은 기초만 내시구요
증명 문제 안 냅니다. CPA 공부하신 분들이라면 정말 쉽게 하실 수 있습니다.
중간문제는 모두 가르쳐주시고 기말문제만 일부만 가르쳐주시는데, 안가르쳐주신부분도 그닥
못풀정도는 아니라고 생각합니다. 저는 (회계사 합격생) 전날 한번 문제 풀어보고 간 게 다인데
에이쁠 받았습니다."
84,FNEG310,파생금융상품론 (인원제한:19명),김도완,2017-2학기,전공선택,3,11,5,5,4,3,5,5,"수강제한이 걸려있는 이유는 해야하는 것만 다하면 A0를 주시기 때문이다.

과목이 엄청 쉬운편은 아니지만, 그래도 교수님 설명+강의 노트 보면 충분히 따라갈 수 있습니다!"
85,FNEG310,파생금융상품론 (인원제한:19명),김도완,2017-2학기,전공선택,3,가끔씩자주보자,3,4,4,2,4,3,"갓도완 교수님의 수업을 마침내 뚫어서 들었다. 다들 알지만 A제로 이상이 보장된 수업. 그걸로 인해 수업에 대충 임할 거라 생각했는데, 오히려 마음이 편해져서 필기도 거의 안하고 그냥 수업을 들으면서 머리에 계속 담는 식으로 알차게 여러모로 배운 것 같다. 아 물론, 옵션 및 선물에 대한 기본적인 개념이 있어서 이해가 쉬웠고, 아닌 사람은 듣기 어려운 강의같다. 교수님이 정해준 문제들만 다 풀고 투자보고서만 1페이지만 작성해서 내면 A제로가 보장되고, 기말에서 안 가르쳐준 문제도 다 풀면 A플러스이다. 그래서 한 번 좀 공부해보려고 했는데, 생각보다 다들 A플을 받으려고 공부를 열심히 해서 그런지 A플은 받기가 힘들다. 그냥 역시 적당히 이 과목은 학점은 신경쓰지 않고 하는 게 나은 듯 하다. 괜히 시간 많이 할애하면 안타까울 뿐"
86,FNEG310,파생금융상품론 (인원제한:19명),김도완,2017-2학기,전공선택,3,노루클루,1,5,3,3,5,5,"김도완 교수님 수업은 a받기 쉽고 에이쁠 받기는 어렵다고 들어서
학기 중간중간 복습을 자주 했습니다.
파생상품자체가 내용이 난이도가 있어요.

중간은 다 알려주고 기말은 좀 터무니없이? 어렵게 나온거 같은데(수업시간에 배운 문제형식이 아님)
시험은 잘봐서 에이쁠 받았어요"
87,FNEG310,파생금융상품론 (인원제한:19명),김도완,2017-2학기,전공선택,3,졸업안할래,5,5,4,1,5,1,"우선 교수님이 정말 귀엽습니다. 교수님의 카와이함을 구경하는 것만해도 한학기가 심심하지 않았습니다. 항상 깨알같은 개그멘트를 준비해오시는데 그 모습이 정말 귀엽습니다. 마치 곰돌이 같아요. 학점을 최대한 잘주시려고 노력하십니다. 그걸 실제로 실천하시는 분입니다. 이번에도 전체 3.99를 맞추시기 위해 A를 뿌리시고 교수님의 넓은 아량에도 못미치는 태도를 보이신 분들에게 비쁠을 주시고 비쁠 인원에 맞춰 에이쁠 비율을 조율하십니다. 때문에 에이쁠은 받기 어렵고 에이쁠이 간절하신분들은 힘드실거에요.(하지만 반장을 하면 어드밴티지가 있습니다) 출석은 빡셉니다.하나하나 다 부르세요. 정각에 칼같이 부르시고 두바퀴 출석 돌리시는데 그때 없으면 지각없이 그냥 결석입니다. 세번이상 결석하면 그때부터 불이익이 있습니다. 면접이나 각종 사정도 이 세 번에 포함됩니다. 하지만 6교시라 지각이 문제될건 없었어요. 제일 감동포인트는 시험문제 중 하나를 그냥 점수 주시려고 장래희망에 대해 물어보시고 그에 대한 장문의 피드백 메일을 보내주십니다. 코끝이 찡해오네요.. 아무튼 김도완 교수님은 갓도완이라는 평판에 걸맞게 천사, 노력파, 감성파입니다. 꼭 들으세요. 물론 수강신청은 전쟁입니다. 암시장 또한 어마어마 합니다. 꼭 뚫으시길 바랍니다."
88,FNEG310,파생금융상품론 (인원제한:19명),김도완,2017-2학기,전공선택,3,나랏말싸미,4,5,4,5,3,4,교수님이 친절하시고 학점도 잘 주셔서 내용은 비록 어려웠지만 재미있게 공부한거 같습니다.
